check,status,detail,source,observed_at
dns,pass,Public DNS resolved,,2026-10-06T09:18:11.809121+05:30
domain_registration,error,Domain is absent from RDAP,,2026-10-06T09:18:11.809137+05:30
tls,pass,TLS certificate valid,,2026-10-06T09:18:13.095046+05:30
http,error,Probe 1: The read operation timed out,https://www.ihra.cmb.ac.lk/,2026-10-06T09:27:35.893350+05:30
http,error,Probe 2: The read operation timed out,http://www.ihra.cmb.ac.lk/,2026-10-06T09:27:35.893370+05:30
http,error,Probe 3: The read operation timed out,https://www.ihra.cmb.ac.lk/,2026-10-06T09:27:35.893372+05:30
http,pass,Probe 4: HTTP 200 at https://www.ihra.cmb.ac.lk/,http://www.ihra.cmb.ac.lk/,2026-10-06T09:27:35.893375+05:30
http,pass,Probe 5: HTTP 200 at https://www.ihra.cmb.ac.lk/research/projects-and-consultancy-services/,https://www.ihra.cmb.ac.lk/research/projects-and-consultancy-services/,2026-10-06T09:27:35.893376+05:30
http,pass,Probe 6: HTTP 200 at https://www.ihra.cmb.ac.lk/contact-us/,https://www.ihra.cmb.ac.lk/contact-us/,2026-10-06T09:27:35.893378+05:30
http,pass,Probe 7: HTTP 200 at https://www.ihra.cmb.ac.lk/international-collaborations/,https://www.ihra.cmb.ac.lk/international-collaborations/,2026-10-06T09:27:35.893380+05:30
http,pass,Probe 8: HTTP 200 at https://www.ihra.cmb.ac.lk/international-collaborations/staff-mobility-agreement-2/,https://www.ihra.cmb.ac.lk/international-collaborations/staff-mobility-agreement-2/,2026-10-06T09:27:35.893381+05:30
http,pass,Probe 9: HTTP 200 at https://www.ihra.cmb.ac.lk/branches/,https://www.ihra.cmb.ac.lk/branches/,2026-10-06T09:27:35.893383+05:30
http,pass,Probe 10: HTTP 200 at https://www.ihra.cmb.ac.lk/branches/examination-branch/,https://www.ihra.cmb.ac.lk/branches/examination-branch/,2026-10-06T09:27:35.893384+05:30
http,pass,Probe 11: HTTP 200 at https://www.ihra.cmb.ac.lk/branches/administration-branch/,https://www.ihra.cmb.ac.lk/branches/administration-branch/,2026-10-06T09:27:35.893386+05:30
http,pass,Probe 12: HTTP 200 at https://www.ihra.cmb.ac.lk/action-plans/,https://www.ihra.cmb.ac.lk/action-plans/,2026-10-06T09:27:35.893387+05:30
http,pass,Probe 13: HTTP 200 at https://www.ihra.cmb.ac.lk/corporate-plans/,https://www.ihra.cmb.ac.lk/corporate-plans/,2026-10-06T09:27:35.893389+05:30
http,pass,Probe 14: HTTP 200 at https://www.ihra.cmb.ac.lk/strategic-plans/,https://www.ihra.cmb.ac.lk/strategic-plans/,2026-10-06T09:27:35.893390+05:30
phone,pass,Published phone: +94 11 250 3393 ,https://www.ihra.cmb.ac.lk/,
email,pass,Published email: aradmin@ihra.cmb.ac.lk,https://www.ihra.cmb.ac.lk/,
named_responsibility,pass,Published named responsibility: director,https://www.ihra.cmb.ac.lk/,
fees_and_payment,pass,"Published fees and payment: rs,",https://www.ihra.cmb.ac.lk/,
phone,pass,Published phone: +94 11 250 3393 ,https://www.ihra.cmb.ac.lk/research/projects-and-consultancy-services/,
phone,pass,Published phone: 0012576243,https://www.ihra.cmb.ac.lk/research/projects-and-consultancy-services/,
phone,pass,Published phone: 0012578802,https://www.ihra.cmb.ac.lk/research/projects-and-consultancy-services/,
email,pass,Published email: sandamali@ihra.cmb.ac.lk,https://www.ihra.cmb.ac.lk/research/projects-and-consultancy-services/,
email,pass,Published email: suranga@econ.cmb.ac.lk,https://www.ihra.cmb.ac.lk/research/projects-and-consultancy-services/,
email,pass,Published email: hemakumara@ihra.cmb.ac.lk,https://www.ihra.cmb.ac.lk/research/projects-and-consultancy-services/,
email,pass,Published email: nihal.hewage@ihra.cmb.ac.lk,https://www.ihra.cmb.ac.lk/research/projects-and-consultancy-services/,
email,pass,Published email: sagara@ihra.cmb.ac.lk,https://www.ihra.cmb.ac.lk/research/projects-and-consultancy-services/,
email,pass,Published email: rmsnratnayake@ihra.cmb.ac.lk,https://www.ihra.cmb.ac.lk/research/projects-and-consultancy-services/,
email,pass,Published email: aradmin@ihra.cmb.ac.lk,https://www.ihra.cmb.ac.lk/research/projects-and-consultancy-services/,
email,pass,Published email: sachi@ihra.cmb.ac.lk,https://www.ihra.cmb.ac.lk/research/projects-and-consultancy-services/,
email,pass,Published email: kamani@ihra.cmb.ac.lk,https://www.ihra.cmb.ac.lk/research/projects-and-consultancy-services/,
email,pass,Published email: chamariedirisinghe@ihra.cmb.ac.lk,https://www.ihra.cmb.ac.lk/research/projects-and-consultancy-services/,
named_responsibility,pass,Published named responsibility: director,https://www.ihra.cmb.ac.lk/research/projects-and-consultancy-services/,
fees_and_payment,pass,"Published fees and payment: rs,",https://www.ihra.cmb.ac.lk/research/projects-and-consultancy-services/,
phone,pass,Published phone: +94 11 250 3393 ,https://www.ihra.cmb.ac.lk/contact-us/,
phone,pass,Published phone: +94 11 258 1569 ,https://www.ihra.cmb.ac.lk/contact-us/,
phone,pass,Published phone: +94 11 250 1924 ,https://www.ihra.cmb.ac.lk/contact-us/,
phone,pass,Published phone: +94 11 250 3393,https://www.ihra.cmb.ac.lk/contact-us/,
phone,pass,Published phone: +94 11 259 5024 ,https://www.ihra.cmb.ac.lk/contact-us/,
phone,pass,Published phone: +94 11 258 7245 ,https://www.ihra.cmb.ac.lk/contact-us/,
phone,pass,Published phone: +94 11 250 5893 ,https://www.ihra.cmb.ac.lk/contact-us/,
phone,pass,Published phone: +94 11 205 5208 ,https://www.ihra.cmb.ac.lk/contact-us/,
phone,pass,Published phone: +94 11 255 4724 ,https://www.ihra.cmb.ac.lk/contact-us/,
email,pass,Published email: info@ihra.cmb.ac.lk,https://www.ihra.cmb.ac.lk/contact-us/,
email,pass,Published email: ar@ihra.cmb.ac.lk,https://www.ihra.cmb.ac.lk/contact-us/,
email,pass,Published email: drexams@ihra.cmb.ac.lk,https://www.ihra.cmb.ac.lk/contact-us/,
email,pass,Published email: dradmin@ihra.cmb.ac.lk,https://www.ihra.cmb.ac.lk/contact-us/,
email,pass,Published email: sar@ihra.cmb.ac.lk,https://www.ihra.cmb.ac.lk/contact-us/,
email,pass,Published email: bandaradgcn@ihra.cmb.ac.lk,https://www.ihra.cmb.ac.lk/contact-us/,
email,pass,Published email: sab@ihra.cmb.ac.lk,https://www.ihra.cmb.ac.lk/contact-us/,
email,pass,Published email: aradmin@ihra.cmb.ac.lk,https://www.ihra.cmb.ac.lk/contact-us/,
email,pass,Published email: director@ihra.cmb.ac.lk,https://www.ihra.cmb.ac.lk/contact-us/,
email,pass,Published email: dr@ihra.cmb.ac.lk,https://www.ihra.cmb.ac.lk/contact-us/,
postal_address,pass,"Published postal address: Institute of Human Resource Advancement, University of Colombo, No: 275, Bauddhaloka Mawatha, Colombo 7, Sri Lanka. Phon",https://www.ihra.cmb.ac.lk/contact-us/,
named_responsibility,pass,Published named responsibility: director,https://www.ihra.cmb.ac.lk/contact-us/,
phone,pass,Published phone: +94 11 250 3393 ,https://www.ihra.cmb.ac.lk/international-collaborations/,
email,pass,Published email: aradmin@ihra.cmb.ac.lk,https://www.ihra.cmb.ac.lk/international-collaborations/,
named_responsibility,pass,Published named responsibility: director,https://www.ihra.cmb.ac.lk/international-collaborations/,
phone,pass,Published phone: 0183730835,https://www.ihra.cmb.ac.lk/international-collaborations/staff-mobility-agreement-2/,
phone,pass,Published phone: +94 11 250 3393 ,https://www.ihra.cmb.ac.lk/international-collaborations/staff-mobility-agreement-2/,
email,pass,Published email: aradmin@ihra.cmb.ac.lk,https://www.ihra.cmb.ac.lk/international-collaborations/staff-mobility-agreement-2/,
named_responsibility,pass,Published named responsibility: director,https://www.ihra.cmb.ac.lk/international-collaborations/staff-mobility-agreement-2/,
phone,pass,Published phone: +94 11 250 3393 ,https://www.ihra.cmb.ac.lk/branches/,
email,pass,Published email: aradmin@ihra.cmb.ac.lk,https://www.ihra.cmb.ac.lk/branches/,
named_responsibility,pass,Published named responsibility: director,https://www.ihra.cmb.ac.lk/branches/,
phone,pass,Published phone: +94 11 250 5893 ,https://www.ihra.cmb.ac.lk/branches/examination-branch/,
phone,pass,Published phone: +94 11 250 3393 ,https://www.ihra.cmb.ac.lk/branches/examination-branch/,
email,pass,Published email: sandumini@ihra.cmb.ac.lk,https://www.ihra.cmb.ac.lk/branches/examination-branch/,
email,pass,Published email: drexams@ihra.cmb.ac.lk,https://www.ihra.cmb.ac.lk/branches/examination-branch/,
email,pass,Published email: sagara@ihra.cmb.ac.lk,https://www.ihra.cmb.ac.lk/branches/examination-branch/,
email,pass,Published email: saundala@ihra.cmb.ac.lk,https://www.ihra.cmb.ac.lk/branches/examination-branch/,
email,pass,Published email: ash@ihra.cmb.ac.lk,https://www.ihra.cmb.ac.lk/branches/examination-branch/,
email,pass,Published email: madubashini@ihra.cmb.ac.lk,https://www.ihra.cmb.ac.lk/branches/examination-branch/,
email,pass,Published email: menusha@ihra.cmb.ac.lk,https://www.ihra.cmb.ac.lk/branches/examination-branch/,
email,pass,Published email: aradmin@ihra.cmb.ac.lk,https://www.ihra.cmb.ac.lk/branches/examination-branch/,
email,pass,Published email: vishwa@ihra.cmb.ac.lk,https://www.ihra.cmb.ac.lk/branches/examination-branch/,
email,pass,Published email: harsha@ihra.cmb.ac.lk,https://www.ihra.cmb.ac.lk/branches/examination-branch/,
named_responsibility,pass,Published named responsibility: director,https://www.ihra.cmb.ac.lk/branches/examination-branch/,
phone,pass,Published phone: +94 11 250 3393 ,https://www.ihra.cmb.ac.lk/branches/administration-branch/,
email,pass,Published email: danushka@ihra.cmb.ac.lk,https://www.ihra.cmb.ac.lk/branches/administration-branch/,
email,pass,Published email: ar@ihra.cmb.ac.lk,https://www.ihra.cmb.ac.lk/branches/administration-branch/,
email,pass,Published email: dradmin@ihra.cmb.ac.lk,https://www.ihra.cmb.ac.lk/branches/administration-branch/,
email,pass,Published email: mahesh@ihra.cmb.ac.lk,https://www.ihra.cmb.ac.lk/branches/administration-branch/,
email,pass,Published email: thilini@ihra.cmb.ac.lk,https://www.ihra.cmb.ac.lk/branches/administration-branch/,
email,pass,Published email: priyanka@ihra.cmb.ac.lk,https://www.ihra.cmb.ac.lk/branches/administration-branch/,
email,pass,Published email: sagara@ihra.cmb.ac.lk,https://www.ihra.cmb.ac.lk/branches/administration-branch/,
email,pass,Published email: nayanie@ihra.cmb.ac.lk,https://www.ihra.cmb.ac.lk/branches/administration-branch/,
email,pass,Published email: sumith@ihra.cmb.ac.lk,https://www.ihra.cmb.ac.lk/branches/administration-branch/,
email,pass,Published email: nilantha@ihra.cmb.ac.lk,https://www.ihra.cmb.ac.lk/branches/administration-branch/,
email,pass,Published email: aradmin@ihra.cmb.ac.lk,https://www.ihra.cmb.ac.lk/branches/administration-branch/,
email,pass,Published email: kasun@ihra.cmb.ac.lk,https://www.ihra.cmb.ac.lk/branches/administration-branch/,
email,pass,Published email: reshani@ihra.cmb.ac.lk,https://www.ihra.cmb.ac.lk/branches/administration-branch/,
named_responsibility,pass,Published named responsibility: director,https://www.ihra.cmb.ac.lk/branches/administration-branch/,
phone,pass,Published phone: 0608476651,https://www.ihra.cmb.ac.lk/action-plans/,
phone,pass,Published phone: +94 11 250 3393 ,https://www.ihra.cmb.ac.lk/action-plans/,
email,pass,Published email: aradmin@ihra.cmb.ac.lk,https://www.ihra.cmb.ac.lk/action-plans/,
named_responsibility,pass,Published named responsibility: director,https://www.ihra.cmb.ac.lk/action-plans/,
phone,pass,Published phone: 0608476651,https://www.ihra.cmb.ac.lk/corporate-plans/,
phone,pass,Published phone: 0608571324,https://www.ihra.cmb.ac.lk/corporate-plans/,
phone,pass,Published phone: +94 11 250 3393 ,https://www.ihra.cmb.ac.lk/corporate-plans/,
email,pass,Published email: aradmin@ihra.cmb.ac.lk,https://www.ihra.cmb.ac.lk/corporate-plans/,
named_responsibility,pass,Published named responsibility: director,https://www.ihra.cmb.ac.lk/corporate-plans/,
phone,pass,Published phone: +94 11 250 3393 ,https://www.ihra.cmb.ac.lk/strategic-plans/,
email,pass,Published email: aradmin@ihra.cmb.ac.lk,https://www.ihra.cmb.ac.lk/strategic-plans/,
named_responsibility,pass,Published named responsibility: director,https://www.ihra.cmb.ac.lk/strategic-plans/,
page_text,pass,Substantive page content: 9113 visible characters across 11 pages,http://www.ihra.cmb.ac.lk/,
